hoa_code,canonical_key
SR-01,email:contact@brightpathscapes.example
SR-01,email:office@reliableelec.example
SR-04,email:contact@brightpathscapes.example
SR-04,email:dispatch@anchorsecurity.example
SR-04,email:dispatch@coastlineplumb.example
SR-04,email:estimates@titanpaving.example
SR-07,email:contact@brightpathscapes.example
SR-07,email:dispatch@coastlineplumb.example
SR-10,email:contact@brightpathscapes.example
SR-10,email:dispatch@anchorsecurity.example
SR-10,email:dispatch@coastlineplumb.example
SR-10,email:service@aquapro.example
SR-12,email:service@aquapro.example
